ACC:TESTACC,CAWPE(alpha=4),CAWPE(ConTie),CAWPE(RandTie)
avgOverDsets:,0.7585887026289532,0.7598731278303616,0.7526665966125625
stddevOverDsets:,0.17099012699510613,0.17020841336702086,0.17243916472312731
avgStddevsOverFolds:,0.028661989385547076,0.02924947607247598,0.027740351299203967
avgRankOverDsets:,1.8470588235294119,1.923529411764706,2.2294117647058824
stddevsRankOverDsets:,0.6592904257959602,0.8608753931766383,0.8610380680445253

BALACC:TESTBALACC,CAWPE(alpha=4),CAWPE(ConTie),CAWPE(RandTie)
avgOverDsets:,0.7327344365119608,0.733293793356135,0.7265698827310316
stddevOverDsets:,0.18176834546418225,0.18262859272499124,0.1822111498860608
avgStddevsOverFolds:,0.031465694015567945,0.031896349930549524,0.03082685549113052
avgRankOverDsets:,1.8058823529411765,1.9,2.2941176470588234
stddevsRankOverDsets:,0.6817961120271588,0.8338093878327922,0.8461893491210023

AUROC:TESTAUROC,CAWPE(alpha=4),CAWPE(ConTie),CAWPE(RandTie)
avgOverDsets:,0.8804535415631886,0.8742757772002623,0.8780965098373991
stddevOverDsets:,0.1305613291290943,0.14181490582110268,0.13220095606443852
avgStddevsOverFolds:,0.019755728044056897,0.025986080065047545,0.019531282433701735
avgRankOverDsets:,1.3764705882352941,2.288235294117647,2.335294117647059
stddevsRankOverDsets:,0.5339981850387224,0.8105570930665202,0.6787077852088345

NLL:TESTNLL,CAWPE(ConTie),CAWPE(RandTie),CAWPE(alpha=4)
avgOverDsets:,1.095636057447823,1.0861575940482693,1.0710980197583115
stddevOverDsets:,0.9669338674512343,0.9392337829730489,0.9515749019965598
avgStddevsOverFolds:,0.15013277170732744,0.12109399389084964,0.1288637462716782
avgRankOverDsets:,1.6941176470588235,1.7411764705882353,2.5647058823529414
stddevsRankOverDsets:,0.8021330107574296,0.7738730850861324,0.5443882285808235

