ACC:,CAWPE,MLP,NN,SVML,C4.5,Logistic
AvgTESTACC:,0.8155853589421519,0.7865900524987154,0.7837254951335009,0.7710732204759012,0.7696732639163796,0.7615400465328815
AvgTESTACC_RANK:,1.7314049586776858,3.6322314049586777,3.652892561983471,3.7107438016528924,4.095041322314049,4.177685950413223

